{
  "wasserstein": {
    "jump_lengths_km": 2.578759617639672,
    "visits_per_user": 4.069412698412626,
    "radius_of_gyration_km": 1.099040245586684,
    "dwell_time_min": 69.25402964738159,
    "trip_duration_min": 5.808935835196975
  },
  "jsd": {
    "activity_distribution": 0.073952433974483,
    "activity_transitions": 0.22074087338663617,
    "daily_activity_profile": 0.36304236713417953,
    "daily_motifs": 0.2595769502448029
  },
  "cpc": {
    "h3_7": 0.07105982386881263,
    "h3_8": 0.013684930785830832,
    "h3_9": 0.0024968789013732834
  },
  "transport_spatial": {
    "synthetic": {
      "total_trips": 12216,
      "modes": [
        {
          "mode": "walk",
          "count": 3091,
          "percent": 25.302881466928618,
          "mean_jump_km": 0.30877412260532383,
          "mean_duration_min": 3.859489916963226
        },
        {
          "mode": "bike",
          "count": 789,
          "percent": 6.458742632612966,
          "mean_jump_km": 2.0827204487756266,
          "mean_duration_min": 8.329974651457542
        },
        {
          "mode": "car",
          "count": 7265,
          "percent": 59.471185330713816,
          "mean_jump_km": 13.438602222134563,
          "mean_duration_min": 14.0581280110117
        },
        {
          "mode": "rail",
          "count": 1071,
          "percent": 8.767190569744598,
          "mean_jump_km": 26.225239640190065,
          "mean_duration_min": 36.78596327419857
        }
      ]
    }
  }
}