{
  "wasserstein": {
    "jump_lengths_km": 1.6325058043707652,
    "visits_per_user": 4.057412698412626,
    "radius_of_gyration_km": 1.1436225333575611,
    "dwell_time_min": 69.0417217063734,
    "trip_duration_min": 5.996452850385178
  },
  "jsd": {
    "activity_distribution": 0.0012272348551715991,
    "activity_transitions": 0.06787811306503172,
    "daily_activity_profile": 0.030016179299614223,
    "daily_motifs": 0.19117141820297556
  },
  "cpc": {
    "h3_7": 0.07150661648658492,
    "h3_8": 0.01233721727210418,
    "h3_9": 0.0024024601191620218
  },
  "transport_spatial": {
    "synthetic": {
      "total_trips": 12214,
      "modes": [
        {
          "mode": "walk",
          "count": 3096,
          "percent": 25.34796135582119,
          "mean_jump_km": 20015.423531029974,
          "mean_duration_min": 3.8634205426356583
        },
        {
          "mode": "bike",
          "count": 827,
          "percent": 6.770918617979368,
          "mean_jump_km": 20017.225017501798,
          "mean_duration_min": 8.441676743248687
        },
        {
          "mode": "car",
          "count": 7110,
          "percent": 58.21188799738005,
          "mean_jump_km": 20028.822269590688,
          "mean_duration_min": 14.307358180965778
        },
        {
          "mode": "rail",
          "count": 1181,
          "percent": 9.669232028819387,
          "mean_jump_km": 20040.30941893607,
          "mean_duration_min": 35.24587919841942
        }
      ]
    }
  }
}