{
  "wasserstein": {
    "jump_lengths_km": 1.586177265968171,
    "visits_per_user": 4.069412698412626,
    "radius_of_gyration_km": 1.099040245586684,
    "dwell_time_min": 69.25402964738159,
    "trip_duration_min": 5.808935835196975
  },
  "jsd": {
    "activity_distribution": 0.001258264582785119,
    "activity_transitions": 0.06788567600126638,
    "daily_activity_profile": 0.029738892469997367,
    "daily_motifs": 0.19165627031044546
  },
  "cpc": {
    "h3_7": 0.07105982386881263,
    "h3_8": 0.013684930785830832,
    "h3_9": 0.0024968789013732834
  },
  "transport_spatial": {
    "synthetic": {
      "total_trips": 12216,
      "modes": [
        {
          "mode": "walk",
          "count": 3091,
          "percent": 25.302881466928618,
          "mean_jump_km": 20015.423216158524,
          "mean_duration_min": 3.859489916963226
        },
        {
          "mode": "bike",
          "count": 789,
          "percent": 6.458742632612966,
          "mean_jump_km": 20017.197162484703,
          "mean_duration_min": 8.329974651457539
        },
        {
          "mode": "car",
          "count": 7265,
          "percent": 59.471185330713816,
          "mean_jump_km": 20028.553044258057,
          "mean_duration_min": 14.058128011011698
        },
        {
          "mode": "rail",
          "count": 1071,
          "percent": 8.767190569744598,
          "mean_jump_km": 20041.339681676116,
          "mean_duration_min": 36.785963274198565
        }
      ]
    }
  }
}