{
  "wasserstein": {
    "jump_lengths_km": 2.2021473854501625,
    "visits_per_user": 3.9950000000002532,
    "radius_of_gyration_km": 0.8175557570231988,
    "dwell_time_min": 103.53886258205529,
    "trip_duration_min": 5.1652092282737305
  },
  "jsd": {
    "activity_distribution": 0.08156795298294081,
    "activity_transitions": 0.23690292967852913,
    "daily_activity_profile": 0.3772368764287931,
    "daily_motifs": 0.26299193127825315
  },
  "cpc": {
    "h3_7": 0.07569085455357713,
    "h3_8": 0.015073165364726592,
    "h3_9": 0.0022033049574361543
  }
}